N°,Catégorie,Objet,Nb photos,Prix bas (€),Prix haut (€),Remarques / facteurs de prix
1,DVDs/VHS/Blu-rays/CDs,24 DVDs édition collector,1,15,40,"Dépend des titres ; lot, pas à l'unité"
2,DVDs/VHS/Blu-rays/CDs,24 DVDs films d'horreur et SF,1,15,35,"Lot ; valeur selon rareté des titres"
3,DVDs/VHS/Blu-rays/CDs,30 DVDs films d'action,1,15,35,"Lot ; env. 0,5-1€/DVD en occasion"
4,DVDs/VHS/Blu-rays/CDs,10 DVDs comédies étrangères,1,5,15,"Petit lot"
5,DVDs/VHS/Blu-rays/CDs,10 DVDs films de Kung Fu,1,8,20,"Niche appréciée ; selon éditions"
6,DVDs/VHS/Blu-rays/CDs,8 DVDs concerts et films musicaux,1,8,20,"Selon artistes"
7,DVDs/VHS/Blu-rays/CDs,13 DVDs films français et comédies,1,8,20,"Lot"
8,DVDs/VHS/Blu-rays/CDs,36 DVDs films étrangers divers,1,15,35,"Gros lot"
9,DVDs/VHS/Blu-rays/CDs,Coffrets DVD 14 premières saisons des Simpsons,1,40,90,"Recherché si complet et bon état"
10,DVDs/VHS/Blu-rays/CDs,14 coffrets DVD séries et sagas,1,25,60,"Valeur selon séries incluses"
11,DVDs/VHS/Blu-rays/CDs,Coffret DVD intégrale Futurama,2,20,45,"Intégrale recherchée ; 2 photos (dont intérieur)"
12,DVDs/VHS/Blu-rays/CDs,11 films VHS,1,5,20,"Faible sauf VHS cultes/rares"
13,DVDs/VHS/Blu-rays/CDs,20 Blu-ray + coffret Retour vers le futur,1,30,70,"Coffret RvlF valorise le lot"
14,DVDs/VHS/Blu-rays/CDs,6 DVDs Louis de Funès,1,8,18,"Valeur sûre en France"
15,DVDs/VHS/Blu-rays/CDs,10 CDs,1,5,15,"Selon artistes"
16,DVDs/VHS/Blu-rays/CDs,Jeux PC GTA San Andreas + GTA 4,1,8,20,"Collector si boîtes complètes"
17,"Livres, BDs, journaux",2 BDs 'La bête est morte' (années 40),2,40,120,"BD de collection ; édition d'origine = forte valeur"
18,"Livres, BDs, journaux",Robinson Crusoé rouge et doré fin XIXe/début XXe,1,20,60,"Reliure décorative ; selon état et éditeur"
19,"Livres, BDs, journaux",Vingt mille lieues sous les mers rouge et doré fin XIXe/début XXe,3,40,150,"Hetzel ? Si Hetzel cartonnage, valeur bien plus élevée — À VÉRIFIER"
20,"Livres, BDs, journaux",La machine à voyager dans le temps édition 1941,4,15,45,"Édition datée ; selon éditeur et état"
21,"Livres, BDs, journaux",Ainsi parlait Zarathoustra édition 1936,5,15,40,"Selon éditeur/traduction"
22,"Livres, BDs, journaux",L'homme invisible édition 1935,5,15,40,"Wells ; selon éditeur"
23,"Livres, BDs, journaux",Fables de La Fontaine fin XIXe,2,20,70,"Selon illustrations/reliure"
24,"Livres, BDs, journaux",L'île du Dr Moreau début XXe,2,15,45,"Wells"
25,"Livres, BDs, journaux",La guerre des mondes + histoires merveilleuses début XXe,3,20,60,"Wells ; selon édition"
26,"Livres, BDs, journaux",Le Prince de Machiavel début XXe,2,15,40,""
27,"Livres, BDs, journaux",Les premiers hommes dans la Lune début XXe,3,15,45,"Wells"
32,"Livres, BDs, journaux",Arithmétique et géométrie programme de 1887,2,10,30,"Livre scolaire ancien ; valeur déco/collection"
33,"Livres, BDs, journaux",Le Petit Vingtième édition 11 juin 1931,1,80,300,"PÉPITE POTENTIELLE : journal où paraissait Tintin — très recherché. À FAIRE EXPERTISER"
34,"Livres, BDs, journaux",7 livres sur Tintin et Hergé (lot v1),1,30,80,"Lot d'ouvrages de référence"
35,"Livres, BDs, journaux",7 livres sur Tintin et Hergé (lot v2),1,30,80,"Possible second lot ou même lot photographié — à confirmer"
36,"Livres, BDs, journaux",4 rééditions N&B de Tintin début 90's,1,15,40,"Rééditions = valeur modérée"
37,"Livres, BDs, journaux",7 albums Quick & Flupke début 90's,1,15,35,""
38,"Livres, BDs, journaux",Collection albums Garfield 1 à 28,3,40,90,"Collection quasi complète valorisée"
39,"Livres, BDs, journaux",Une vie sans fin - Frédéric Beigbeder,2,3,8,"Roman récent courant"
40,"Livres, BDs, journaux",Lot de 5 romans,1,3,10,"Courant"
41,"Livres, BDs, journaux",Lot de 24 livres,1,10,30,"Lot ; selon titres"
42,"Livres, BDs, journaux",Livre sur l'histoire de la télévision,2,8,20,""
43,"Livres, BDs, journaux",Livre sur l'histoire de la télévision (2e),1,8,20,"Doublon possible du n°42 — à confirmer"
44,Appareils électroniques,Synthé Casio,1,20,80,"Dépend fortement du modèle — à préciser"
45,Appareils électroniques,Lecteur DVD portable (sans alim),2,5,15,"Sans alimentation = valeur réduite"
46,Appareils électroniques,Caméscope Panasonic VX22 (1998),6,15,40,"Vintage ; fonctionne ? selon état"
47,Appareils électroniques,Toshiba Boombeat DM01 (années 80-90),3,25,70,"Boombox vintage recherchée si fonctionnelle"
48,Appareils électroniques,Home cinéma 5 enceintes Cabasse Antigua 222 (2000),3,60,180,"Cabasse = marque hi-fi réputée ; valeur selon état/complet"
49,Appareils électroniques,Minitel (années 80),3,15,50,"Objet culte ; selon modèle et état"
50,Appareils électroniques,Manette de jeux USB PC,1,3,10,"Courant"
51,Appareils électroniques,Téléphone à cadran rotatif (années 80),1,15,45,"Déco vintage recherchée"
52,Appareils électroniques,Lampe Maglite,2,10,30,"Selon modèle/taille"
53,Appareils électroniques,Enceinte portable jack+USB+Bluetooth,2,8,25,"Électronique courante"
54,Maillots de foot,Maillot Barcelone floqué Ronaldinho 2006-2007,3,40,120,"Collector ; AUTHENTICITÉ = facteur clé. Si officiel/époque = haut de fourchette"
55,Maillots de foot,Maillot Inter floqué Adriano 2005-2006,3,30,90,"Collector ; selon authenticité et état"
56,Maillots de foot,Maillot Real floqué Roberto Carlos 2005-2006,5,35,100,"Collector ; selon authenticité"
57,Maillots de foot,Maillot Juventus floqué Vieira 2005-2006,3,30,90,"Collector ; selon authenticité"
58,Objets décoratifs et divers,Publicité décorative lumineuse Heineken,3,25,80,"Objet déco/bar recherché si fonctionnel"
59,Objets décoratifs et divers,Buvard BIC années 60,1,5,20,"Objet publicitaire vintage ; niche"
60,Objets décoratifs et divers,Valise à pique-nique,2,20,60,"Vintage complète = valorisée"
61,Objets décoratifs et divers,Gramophone Orphée années 30,2,80,250,"PÉPITE POTENTIELLE : selon fonctionnement et état. À EXPERTISER"
62,Objets décoratifs et divers,Gramophone Carillon Baby années 30,2,80,250,"PÉPITE POTENTIELLE : portable rare ; À EXPERTISER"
63,Objets décoratifs et divers,6 pierres précieuses,1,0,0,"IMPOSSIBLE à estimer sans certificat/expertise gemmologique — peut valoir beaucoup ou rien"
64,Objets décoratifs et divers,Paire de jumelles,3,15,60,"Selon marque et optique — à préciser"
65,Objets décoratifs et divers,Poubelle Tintin,2,30,90,"Produit dérivé Tintin recherché ; selon état/officiel"
66,Objets décoratifs et divers,Figurine South Park Kenny,2,8,25,"Selon fabricant/état"
67,Objets décoratifs et divers,Fusée Tintin,2,30,120,"Produit dérivé culte ; selon taille/éditeur (Moulinsart ?)"
68,Objets décoratifs et divers,Cadillac Eldorado 1959 modèle 1/12,4,30,90,"Miniature grande échelle ; selon marque"
69,Objets décoratifs et divers,Mercedes Classe E années 60 modèle 1/18,2,20,60,"Miniature ; selon marque"
70,Objets décoratifs et divers,10 insignes de voitures (années 60 à 90),1,20,80,"Logos/badges auto de collection ; selon marques"
71,Objets décoratifs et divers,8 pièces de Macao,2,5,25,"Numismatique ; valeur selon années/état"
72,Objets décoratifs et divers,Ballon Nike Total 90 FIFA approved neuf,2,15,40,"Neuf = valorisé"
73,Objets décoratifs et divers,Ballon Adidas Mondial 2002 FIFA approved,2,20,60,"Ballon d'époque Coupe du monde ; collector"
74,Objets décoratifs et divers,Ballon plastique Footix France 98,1,10,35,"Souvenir France 98 recherché"
75,Objets décoratifs et divers,Casquette Lacoste neuve,3,15,35,"Neuf"
76,Objets décoratifs et divers,Polo Lacoste édition Roland Garros taille 6 début 2000's,3,20,50,"Édition spéciale ; selon état"
77,Objets décoratifs et divers,Caisse de billes des 90's,1,10,40,"Nostalgie ; selon quantité/billes anciennes"
78,Objets décoratifs et divers,Lot de POGs des 90's,1,10,50,"Collection recherchée selon rareté"
79,Objets décoratifs et divers,Diverses figurines,1,10,40,"Selon licences/état"
