N°,Catégorie,Objet (après analyse visuelle),Détails identifiés,État,Prix bas (€),Prix haut (€),Description vendeuse,Remarques / facteurs de prix
1,DVDs/VHS/Blu-rays/CDs,24 DVDs édition collector,"Gladiator, Die Hard 1-2-3, Terminator, Minority Report, Les Évadés, Il faut sauver le soldat Ryan, Le silence des agneaux, etc. Beaucoup de digipacks/éditions collector",Bon,30,70,"Une sélection de 24 films cultes en éditions collector et digipacks : du grand cinéma qui ne se démode pas, du blockbuster au chef-d'œuvre oscarisé. Idéal pour (re)constituer une vraie DVDthèque de passionné en une seule fois.",Beaucoup d'éditions collector ; bons titres
2,DVDs/VHS/Blu-rays/CDs,24 DVDs horreur et SF,"28 jours plus tard, L'Exorciste, Shining & Orange Mécanique (Kubrick collector), Cube, REC, Le 6e sens, Massacre à la tronçonneuse, Cloverfield...",Bon,30,65,"Le lot parfait pour les amateurs de frissons : 24 films d'horreur et de SF, des classiques Kubrick aux pépites gore cultes. De quoi programmer des mois de soirées épouvante entre connaisseurs.",Belle sélection ; Kubrick collector valorise
3,DVDs/VHS/Blu-rays/CDs,30 DVDs films d'action,"L'Arme fatale 1-4, Sin City, Kill Bill 1-2, Matrix, MIB, Gran Torino, Terminator 2-3, Ocean's Eleven, American History X, Taxi Driver collector...",Bon,30,70,"30 films d'action et de légende pour une collection qui envoie : sagas complètes, polars cultes et classiques modernes réunis. Un gros lot au prix imbattable face à l'achat à l'unité.",Gros lot de classiques ; plusieurs éditions collector
4,DVDs/VHS/Blu-rays/CDs,10 DVDs comédies étrangères,"Borat, Forrest Gump, Very Bad Trip, Good Morning England, Darjeeling Limited, Les Simpson le film...",Bon,12,30,"10 comédies pour rire à coup sûr, des cartons populaires aux pépites décalées. Le lot idéal pour garnir une étagère feel-good à petit prix.",Bon lot de comédies populaires
5,DVDs/VHS/Blu-rays/CDs,10 DVDs Kung Fu,"Opération Dragon & La Fureur du Dragon (Bruce Lee), Il était une fois en Chine I&II, éditions Shaw Brothers 'Les Essentiels', Shaolin Temple...",Bon,25,60,"Un trésor pour les fans d'arts martiaux : Bruce Lee, Jet Li et les mythiques Shaw Brothers en éditions 'Les Essentiels'. Une niche très recherchée, difficile à retrouver complète.",Niche recherchée (Shaw Brothers + Bruce Lee)
6,DVDs/VHS/Blu-rays/CDs,8 DVDs concerts/musique,"Bee Gees (x3), Fièvre du samedi soir, Pink Floyd The Wall (x2) + Roger Waters Live in Berlin, Michael Jackson Live, Robbie Williams",Bon,20,50,"8 concerts et films musicaux pour revivre les plus grandes légendes de la scène : Pink Floyd, Bee Gees, Michael Jackson... Le son et l'image des shows mythiques, à savourer en boucle.",Pink Floyd & Bee Gees recherchés
7,DVDs/VHS/Blu-rays/CDs,13 DVDs français et comédies,"L'Arnacœur, La vérité si je mens 1-2, Les Beaux Gosses, OSS 117 Rio, Taxi 1-2, Les Choristes...",Bon,15,35,"13 comédies françaises incontournables, de quoi passer des soirées 100% rigolade avec le meilleur du rire à la française. Lot complet, prêt à offrir ou à collectionner.",Comédies françaises populaires
8,DVDs/VHS/Blu-rays/CDs,36 DVDs étrangers divers,"Arme fatale, MIB, Kill Bill, Gran Torino, Good Bye Lenin, American Beauty, Sin City, Matrix, Titanic, Faites le mur (Banksy)...",Bon,30,65,"Un gros lot de 36 films pour les cinéphiles gourmands : classiques, cultes et incontournables réunis. Le meilleur rapport quantité/prix pour se bâtir une cinémathèque d'un coup.",ATTENTION chevauchement visuel avec lots 1-3 : vérifier doublons avant vente
9,DVDs/VHS/Blu-rays/CDs,Coffrets Simpsons saisons 1-14 (éditions collector 'têtes'),"Boîtiers moulés en relief (Homer, Bart, Lisa, Maggie, Krusty, Kang, Mr Burns) + éditions UK saisons 4-5",Bon (si complet),120,280,"LA pièce maîtresse pour tout fan des Simpson : 14 saisons dans leurs rares coffrets collector à tête moulée en relief. Un objet culte, de plus en plus difficile à trouver complet et en bel état.",PÉPITE du lot. Éditions 'tête' très recherchées si complètes
10,DVDs/VHS/Blu-rays/CDs,14 coffrets séries et sagas,"Lost S1-3, Dexter S1-3, How I Met Your Mother, Trilogie des morts-vivants (Romero collector 5 DVD), Indiana Jones trilogie, Les Nuls l'intégrule...",Bon,60,140,"14 coffrets de séries et sagas cultes à binger sans fin : Lost, Dexter, Indiana Jones et le mythique coffret Romero. Des dizaines d'heures de visionnage réunies en un seul lot.",Dexter et Romero valorisés
11,DVDs/VHS/Blu-rays/CDs,Coffret DVD intégrale Futurama,"4 saisons - 15 DVD, coffret complet",Bon,25,50,"L'intégrale de Futurama en coffret complet : les 4 saisons de la série de SF déjantée culte, prêtes pour un marathon spatial. Une valeur sûre pour les collectionneurs.",Intégrale recherchée ; coffret complet = bon
12,DVDs/VHS/Blu-rays/CDs,11 VHS,"Trilogie Retour vers le Futur, Mars Attacks, Jumanji, The Mask, Casper, La vie est belle...",Bon,10,30,"11 VHS pour les nostalgiques des années 90, dont la trilogie culte Retour vers le Futur. Un vrai shot de nostalgie et un bel objet déco rétro.",VHS = faible valeur ; la trilogie RvlF intéresse les collectionneurs
13,DVDs/VHS/Blu-rays/CDs,20 Blu-ray + coffret Retour vers le futur,"Seven (éd. Metropolitan 'livre'), Pulp Fiction, Inglourious Basterds (steelbook), Terminator 2 (steelbook), 2001, Fight Club, Donnie Darko + coffret RvlF trilogie",Bon,40,90,"20 Blu-ray haut de gamme, dont de superbes steelbooks et éditions Metropolitan collector + le coffret trilogie Retour vers le Futur. Le lot rêvé pour une collection HD soignée.",Steelbooks et éd. Metropolitan valorisent nettement
14,DVDs/VHS/Blu-rays/CDs,6 DVDs Louis de Funès,"Le petit baigneur, L'avare, Le Corniaud, La zizanie, La soupe aux choux, Le tatoué (Studio Canal)",Bon,10,22,"6 classiques de Louis de Funès pour des fous rires garantis : le meilleur du roi de la comédie française réuni en une collection homogène. Un indémodable qui plaît à toutes les générations.",Valeur sûre ; collection homogène
15,DVDs/VHS/Blu-rays/CDs,10 CDs,"Boney M (x2), Bee Gees, Saturday Night Fever OST, The Verve - Urban Hymns, Kylie, Eiffel 65 (CD singles)...",Correct,8,20,"10 CDs pour une playlist voyage dans le temps, du disco aux tubes 90's. Mix d'albums et de singles pour les amateurs de musique à prix mini.",Mix albums + singles ; valeur selon état
16,DVDs/VHS/Blu-rays/CDs,GTA IV (PC) + guide San Andreas,"Jeu PC Grand Theft Auto IV (Games for Windows) + guide officiel/livre San Andreas",Bon,10,25,"Grand Theft Auto IV sur PC accompagné du guide officiel San Andreas : un combo parfait pour les fans de la saga culte de Rockstar. Objet de collection pour gamers nostalgiques.",Correction : c'est le GUIDE San Andreas, pas le jeu
17,"Livres, BDs, journaux",2 BDs 'La Bête est morte !' (Calvo, années 40),"Par Calvo, Éditions G.P. (Gaston Prémont), Paris. 1er ET 2e fascicule présents (série complète en 2 tomes). Format à l'italienne",Usagé (coins/dos),80,250,"Un monument de la BD française : les 2 fascicules complets de 'La Bête est morte !', chef-d'œuvre de Calvo sur la guerre vue par les animaux. Une pièce historique de collection, rare à trouver en paire.",PÉPITE. Édition d'origine 1944-45 très recherchée. Vérifier EO ou retirage
18,"Livres, BDs, journaux",Robinson Crusoé - cartonnage rouge et or (fin XIXe),"Éditeur Émile Guérin, Paris. Cartonnage polychrome rouge et or, médaillon central illustré, mention 'Engel rel.'",Correct (coins frottés),30,80,"Un superbe cartonnage romantique rouge et or de la fin du XIXe, au médaillon illustré de Robinson et son perroquet. Un livre-objet qui habille magnifiquement une bibliothèque.",Valeur selon état intérieur et fraîcheur des dorures
19,"Livres, BDs, journaux",Vingt mille lieues sous les mers - Jules Verne, cartonnage Hetzel,"'Voyages Extraordinaires par Jules Verne', Collection Hetzel (dos CONFIRMÉ). Cartonnage polychrome rouge et or",Dos insolé/passé,60,200,"Un authentique cartonnage Hetzel des 'Voyages Extraordinaires' de Jules Verne : le graal des amateurs de beaux livres anciens. Vingt mille lieues sous les mers dans son habit rouge et or d'origine.",CONFIRMÉ HETZEL. Valeur selon type de cartonnage et état. À faire préciser par un spécialiste
20,"Livres, BDs, journaux",La Machine à explorer le Temps - H.G. Wells (1941),"Trad. Henry-D. Davray, Mercure de France. Imprimé 15-7-1941. Broché, prix d'origine 18,50 F",Moyen (dos usé),15,40,"Le roman fondateur du voyage dans le temps, dans son édition française de guerre de 1941 (Mercure de France). Un classique de la SF à l'authentique parfum d'époque.",Broché d'époque état moyen. Édition courante Mercure de France
21,"Livres, BDs, journaux",Ainsi parlait Zarathoustra - Nietzsche (NRF 1936),"Édition complète, NRF/Gallimard. Imprimé Firmin-Didot 1936. Relié pleine toile bordeaux, pièce de titre dorée au dos",Bon,20,50,"L'œuvre phare de Nietzsche dans sa belle édition complète NRF de 1936, reliée pleine toile bordeaux à la pièce de titre dorée. Un classique de la philosophie en bel écrin pour bibliothèque.",Reliure soignée. Valeur bibliophilique modérée
22,"Livres, BDs, journaux",L'Homme invisible - H.G. Wells (Calmann-Lévy illustré),"Trad. Achille Laurent, ill. Louis Strimpl, Calmann-Lévy 'Nouvelle Collection illustrée'. Couverture couleur (squelette). Copyright Hachette",Fatigué (dos arraché),20,55,"H.G. Wells dans une rare édition illustrée ancienne à la superbe couverture couleur. Un classique de la SF au charme vintage incomparable, pour amateurs d'éditions d'époque.",Édition illustrée Strimpl recherchée. Exemplaire fatigué = fourchette basse
23,"Livres, BDs, journaux",La Fontaine - Œuvres t. II (reliure demi-cuir),"'Œuvres' tome II (contient les Fables). Reliure demi-cuir à coins, dos à nerfs, pièces de titre dorées, plats marbrés. Fin XIXe",Bon,30,90,"Une élégante reliure demi-cuir à nerfs du XIXe pour les Œuvres de La Fontaine : dorures, papier marbré et tranche soignée. Le genre de volume qui donne du cachet à une bibliothèque.",Tome isolé (II) d'une série ; valeur déco/bibliothèque
24,"Livres, BDs, journaux",L'Île du Docteur Moreau - H.G. Wells (reliure cuir),"Reliure demi-cuir fauve à nerfs, pièce de titre rouge dorée, décor doré au dos, signet. Plats marbrés. Début XXe",Bon,35,100,"Le chef-d'œuvre d'anticipation de Wells dans une jolie reliure demi-cuir fauve à nerfs, rehaussée de dorures et d'un signet. Beau et rare, un plaisir pour l'œil comme pour l'étagère.",Titre Wells recherché. Valeur selon édition d'origine
25,"Livres, BDs, journaux",La Guerre des mondes + Histoires merveilleuses - H.G. Wells (2 livres),"1) La Guerre des mondes, cartonnage toile brun, signature dorée. 2) Histoires merveilleuses, Larousse coll. 'Contes et Romans pour tous'. Début XXe",Moyen (dos usés),25,70,"Deux Wells anciens réunis, dont le mythique 'La Guerre des mondes' en cartonnage toilé signé. Un duo d'anticipation vintage pour collectionneurs et amateurs de SF classique.",'Histoires merveilleuses' Larousse peu courant. Valeur selon éditions exactes
26,"Livres, BDs, journaux",Le Prince - Machiavel (Garnier Frères),"Trad. Guiraudet, édition L. Dérome, Garnier Frères, Paris. Broché, couverture crème imprimée. Fin XIXe/début XXe",Écorné,15,40,"Le traité politique le plus célèbre de l'histoire dans une édition Garnier ancienne et érudite (notes et bibliographie). Un classique intemporel au charme des brochés d'époque.",Édition érudite. Couverture effrangée. Valeur modérée
27,"Livres, BDs, journaux",Les Premiers Hommes dans la Lune - H.G. Wells (TIRAGE DE TÊTE n°5/60),"Mercure de France. TIRAGE LIMITÉ : 60 exemplaires numérotés sur papier vergé — exemplaire N°5",Fatigué (dos abîmé),80,250,"Rareté pour bibliophile : un exemplaire de tête numéroté (n°5 sur seulement 60 !) sur papier vergé de ce Wells édité au Mercure de France. Le genre de pièce qu'un vrai collectionneur traque pendant des années.",PÉPITE. Tirage de tête rare malgré l'état fatigué. À faire expertiser
32,"Livres, BDs, journaux",Arithmétique et Géométrie - manuel scolaire (programme de 1887),"Chertemps & Cafetier, '3000 Problèmes', Certificat d'études, 87e édition, Armand Colin. Tampons d'instituteur (Courpalay)",Usé,10,30,"Un authentique manuel scolaire de la IIIe République (programme de 1887), tamponné par son instituteur d'époque. Un objet d'histoire plein de charme pour la déco ou la collection.",Valeur déco/collection ; tampons d'école ajoutent du charme
33,"Livres, BDs, journaux",Le Petit Vingtième - n° du 11 juin 1931,"Supplément jeunesse du 'Vingtième Siècle', n° du 11 juin 1931. Couverture 'LE RETOUR DE TINTIN - une date à retenir'. Sous pochette plastique",À expertiser,100,400,"Le Graal des tintinophiles : le journal d'origine où paraissait Tintin en prépublication, annonçant 'le retour de Tintin'. Un document historique de 1931, à faire expertiser — potentiel exceptionnel.",PÉPITE MAJEURE. À faire expertiser (maison spécialisée BD)
34,"Livres, BDs, journaux",5 livres de référence sur Tintin et Hergé (lot A),"Assouline 'Hergé' (Plon), Goddin 'Hergé et Tintin reporters' (Lombard), Peeters 'Hergé fils de Tintin' (Flammarion), Wilmet 'Tintin noir sur blanc' (Casterman), Vandromme 'Le Monde de Tintin'",Bon,35,90,"La bibliothèque idéale du tintinophile : 5 ouvrages de référence signés des plus grands spécialistes d'Hergé. Tout pour comprendre et aimer l'univers de Tintin, réuni en un lot.",'Noir sur blanc' et Goddin recherchés
35,"Livres, BDs, journaux",4 albums Tintin fac-similé N&B (Casterman),"Fac-similés N&B : L'Oreille cassée, Les Cigares du Pharaon, Le Crabe aux pinces d'or, Le Sceptre d'Ottokar. Casterman, dos rouge",Bon,30,70,"4 Aventures de Tintin en fac-similé noir et blanc Casterman (dos rouge) : les versions originales des grands classiques, dans une présentation soignée et collector.",Fac-similés N&B (pas de simples rééditions). Possible recoupement avec n°36
36,"Livres, BDs, journaux",4 albums fac-similé N&B de Tintin (début 90's),"4 rééditions fac-similé N&B des Aventures de Tintin, Casterman, début années 90",Bon,15,45,"4 albums fac-similé noir et blanc de Tintin, pour (re)découvrir les aventures dans leur jus d'origine. Un bel ajout pour toute collection Hergé.",ATTENTION possible chevauchement avec n°35 : vérifier titres différents
37,"Livres, BDs, journaux",7 albums Quick et Flupke - Hergé (Casterman),"Vive le progrès, Jeux interdits, Toutes voiles dehors, Pardon Madame, Pas de quartier, Catastrophe, Haute tension. Cartonnés couleur",Bon,20,45,"Les 7 albums des deux galopins les plus célèbres de Bruxelles, par Hergé lui-même : humour intemporel garanti. Un lot homogène et coloré pour petits et grands.",Rééditions courantes mais lot homogène attractif
38,"Livres, BDs, journaux",Collection Garfield - 22 albums (n° 1 à 22), Dargaud,"Garfield par Jim Davis, Dargaud, cartonnés. Dos numérotés 1 à 22 (série suivie)",Bon (stocké cave),40,90,"22 albums de Garfield à la suite (n°1 à 22) : le chat le plus paresseux et gourmand de la BD, en collection quasi complète. Des heures de lecture et de rire pour toute la famille.",CORRECTION : dos n°1→22 (pas 28). Vérifier état (cave) et numéros manquants
39,"Livres, BDs, journaux",Une vie sans fin - Frédéric Beigbeder (Grasset, 2018),"ISBN 978-2-246-81261-6. Grand format cartonné. Prix éditeur 22 €",Bon,3,8,"Le roman de Beigbeder sur la quête d'immortalité, en grand format cartonné et en bel état. Une lecture addictive à tout petit prix.",Roman récent courant en occasion
40,"Livres, BDs, journaux",Lot de 5 romans,"1984 (Orwell), L'Île des Gauchers (Jardin), Fight Club (Palahniuk), American Psycho (Ellis), Matin brun (Pavloff)",Correct,5,15,"5 romans cultes et dérangeants réunis, de 1984 à Fight Club : le lot idéal pour une étagère coup-de-poing. Des titres qui marquent, à prix mini.","'Matin brun' et Fight Club SF attractifs"
41,"Livres, BDs, journaux",Lot de ~24 livres classiques,"Primo Levi, Wells, Freud, Racine, Corneille, Simenon, Jules Verne (x3), Wilde, Poe, Platon, Molière, Steinbeck, R. Dahl...",Correct,12,35,"Près de 24 classiques de la littérature réunis : de Jules Verne à Orwell en passant par Molière et Dahl. Une mini-bibliothèque idéale pour les étudiants ou les amoureux des grands textes.",Beau lot à vendre groupé. État lecture correct
42,"Livres, BDs, journaux",La Télévision autrefois - Patrick Mahé,"Coédition INA, beau livre cartonné illustré (histoire de la TV française). ISBN 978-2-298-00526-4",Bon,8,22,"Un beau livre richement illustré sur l'âge d'or de la télévision française : des centaines d'images d'époque pour un grand bain de nostalgie. Parfait en cadeau ou en déco.",Beau livre illustré. Sujet nostalgique
43,"Livres, BDs, journaux",DOUBLON du n°42 (à supprimer),"Même ouvrage que le n°42 : 'La Télévision autrefois' de Patrick Mahé. Un seul exemplaire en réalité",—,0,0,"(Ne pas mettre en vente séparément — voir n°42)",DOUBLON CONFIRMÉ : ne pas compter comme objet distinct
44,Appareils électroniques,Clavier arrangeur Casio CTK-511,"61 touches pleine taille, 100 sons/100 rythmes/100 morceaux, écran LCD, sortie MIDI, HP intégrés. Fonctionne (LED allumée). Alim secteur présente",Fonctionnel,25,60,"Clavier arrangeur Casio complet et fonctionnel : 61 touches, 100 sonorités et rythmes, sortie MIDI et haut-parleurs intégrés. Le compagnon idéal pour débuter la musique ou s'amuser à composer.",CTK-511 milieu de gamme fin 90's. Fonctionnel. Alim incluse
45,Appareils électroniques,Lecteur DVD portable Schneider (sans alimentation),"Écran ~7 pouces, coque argent, format clamshell. SANS alimentation/chargeur",Moyen,5,15,"Lecteur DVD portable compact Schneider, pratique pour les trajets. Vendu sans chargeur — à récupérer pour pièces ou pour qui a l'alimentation adaptée.",Sans alim = difficilement testable. Faible valeur
46,Appareils électroniques,Caméscope Panasonic NV-VX22 SlimVision (VHS-C, 1998),"Zoom optique 12x, écran LCD 2,5' couleur (fonctionne), objectif f/1.8. Batterie + chargeur + sangle présents",Fonctionnel,20,50,"Caméscope VHS-C Panasonic SlimVision complet et fonctionnel, livré avec batterie, chargeur et sangle. Parfait pour les nostalgiques du caméscope à cassette ou pour transférer de vieux films de famille.",Modèle exact confirmé. Fonctionne. Niche nostalgie/transfert
47,Appareils électroniques,Boombox Toshiba BomBeat DM-01 (RT-S833W),"Radio-cassette stéréo FM/MW/SW, lecteur K7, compatible Metal, Made in Japan, poignée chromée. Design années 80",À tester (stocké cave),30,80,"Une vraie boombox japonaise des années 80, le Toshiba BomBeat au design chromé qui en jette : radio + cassette pour un look rétro assumé. Pièce recherchée des amateurs de son vintage.",Référence exacte confirmée. Tester impérativement avant vente
48,Appareils électroniques,Pack 5 enceintes Home Cinéma Cabasse,"Système 5.0 : 2 colonnes (finition bois clair) + 2 surround + 1 centrale, toutes marquées Cabasse. Pas de caisson de basses",À tester (stocké cave),80,200,"Ensemble home cinéma 5.0 signé Cabasse, la référence hi-fi française : 2 colonnes + 2 surround + 1 centrale en finition bois clair élégante. Du son de marque réputée pour équiper un vrai salon cinéma.",Marque réputée. Modèle à confirmer (poss. Antigua 222). Sans caisson = 5.0. Tester HP
49,Appareils électroniques,Minitel Alcatel Telic (années 80),"Clavier AZERTY complet, écran CRT monochrome, coque beige/noire. Câble secteur + prise gigogne",Bon cosmétique,20,55,"Le mythique Minitel, star de la tech française des années 80, en bel état décoratif et complet avec ses câbles. Objet culte pour les geeks, les nostalgiques et la déco rétro.",Modèle courant mais très décoratif. Valeur déco/geek
50,Appareils électroniques,Manette USB PC (Tech Mobility),"Manette USB filaire style DualShock, 2 joysticks, croix + 10 boutons, gris/blanc",Moyen,3,8,"Manette de jeu USB pour PC, prise en main classique à deux joysticks. Pratique et prête à brancher pour jouer sans se ruiner.",Manette générique. Très faible valeur
51,Appareils électroniques,Téléphone à cadran rotatif PTT (Socotel S63),"Cadran rotatif, couleur gris-vert, type Socotel S63 des PTT. Cordon spiralé + prise gigogne",Bon,20,50,"L'iconique téléphone à cadran des PTT françaises, en vert d'eau rétro et complet avec ses câbles. Un objet déco vintage très tendance, prêt à trôner sur un meuble d'époque.",Très recherché en déco vintage. Prêt à exposer
52,Appareils électroniques,Mini Maglite AA (aluminium argenté),"2-AA, aluminium anodisé argenté, gravure 'California, USA', clip de poche. ~14 cm",Bon,8,18,"La robuste et indémodable Mini Maglite américaine en aluminium : compacte, fiable, un classique qui dure toute une vie. Idéale pour la boîte à gants, le sac ou la maison.",Modèle courant mais robuste ; valeur utilitaire
53,Appareils électroniques,Enceinte portable Bluetooth (tissu bleu, sans marque),"Revêtement tissu bleu, USB/micro-SD/jack/USB-C, dragonne orange. Sans marque visible",Correct,5,15,"Petite enceinte Bluetooth nomade habillée de tissu bleu : USB, carte SD, jack et charge USB-C pour écouter sa musique partout. Compacte et polyvalente.",Enceinte générique. Faible valeur
54,Maillots de foot,Maillot FC Barcelone domicile RONALDINHO 10 (2006-07),"Nike, bandes blaugrana, col V 'Més que un Club', floquage doré RONALDINHO #10, patch LFP, étiquette Nike Sphere Dry taille XL, sans sponsor frontal",Bon,40,110,"Le maillot du FC Barcelone floqué Ronaldinho, le magicien qui a fait rêver le Camp Nou : blaugrana mythique, taille XL. Un collector incontournable pour tout fan de foot ou du Barça.",AUTHENTICITÉ = facteur clé. Ronaldinho = forte demande. Préciser saison exacte
55,Maillots de foot,Maillot Inter Milan domicile manches longues ADRIANO 10,"Nike Total 90, rayures noir/bleu, sponsor PIRELLI, écusson INTER 1908 brodé, patch Serie A, floquage ADRIANO #10, Made in Portugal. ~2004-06",Bon,35,90,"Maillot de l'Inter Milan version manches longues, floqué Adriano l'Empereur : rayures nerazzurri, sponsor Pirelli, broderie soignée. Une pièce rare et élégante pour collectionneurs.",Made in Portugal + broderie = bons indices. Version manches longues peu courante
56,Maillots de foot,Maillot Real Madrid domicile manches longues R.CARLOS 3 (Formotion),"Adidas, blanc, mention FORMOTION (coupe pro), sponsor SIEMENS, patch Champions League, floquage R.CARLOS #3, Made in China, taille XL. 2005-06",Bon,45,130,"Maillot Real Madrid des Galactiques en version pro Formotion, floqué Roberto Carlos et patché Champions League : le blanc immaculé des Merengues dans sa coupe joueur recherchée. Un collector de prestige.",FORMOTION = version pro recherchée. Combo très vendeur. Authenticité = facteur clé
57,Maillots de foot,Maillot Juventus domicile VIEIRA 4 (TAMOIL),"Nike, rayures noir/blanc, col V tricolore, sponsor TAMOIL, écusson Juve 2 étoiles, floquage doré VIEIRA #4, Made in Portugal, taille XL. ~2004-06",Bon,35,95,"Le maillot zébré de la Juventus floqué Vieira, dans son élégante version Nike à sponsor Tamoil : les rayures mythiques de la Vieille Dame, taille XL. Belle pièce pour fans de Serie A.",Made in Portugal = bon indice. Préciser datation. Authenticité = facteur clé
58,Objets décoratifs et divers,Enseigne lumineuse Heineken,"Caisson mural bois + cadre doré, chope + logo Heineken rétroéclairés, fond velours vert. FONCTIONNE",Bon (fonctionne),30,90,"Une véritable enseigne lumineuse Heineken qui s'allume : chope de bière et logo rétroéclairés dans un beau caisson bois. L'objet déco idéal pour un bar maison, un man-cave ou une cuisine conviviale.",Objet déco bar recherché. Fonctionne = valorisant. Préciser dimensions
59,Objets décoratifs et divers,Buvard publicitaire BIC (années 50-60),"'La Pointe BIC - elle court, elle court', illustration humoristique signée, Agence Française de Propagande",Correct (jauni),5,20,"Un charmant buvard publicitaire BIC vintage à l'illustration pleine d'humour : 'elle court, elle court...'. Une pépite de pub rétro pour collectionneurs et amateurs de déco publicitaire.",Niche collection publicité/buvards. Valeur selon acheteur spécialisé
60,Objets décoratifs et divers,Valise à pique-nique,"Valise vintage à pique-nique (contenu/accessoires à vérifier sur photos du dossier)",À vérifier,20,60,"Une élégante valise à pique-nique vintage, pour des déjeuners sur l'herbe pleins de style rétro. Objet déco et pratique qui séduit les amateurs de belles choses d'autrefois.",Valorisée si complète avec vaisselle/couverts
61,Objets décoratifs et divers,Phonographe de valise 'Orphée' (années 30-50),"Phono portable à manivelle, platine + bras/tête métallique, plaque losange 'Orphée', manivelle présente",Usagé (complet),40,110,"Un authentique phonographe portable 'Orphée' dans sa valise d'époque, avec manivelle et bras d'origine : le son d'autrefois à emporter. Une pièce pleine de poésie pour collectionneurs et décorateurs.",Phono portable (pas gramophone à pavillon). Tester le mécanisme avant vente
62,Objets décoratifs et divers,Phonographe de valise 'Carillon Baby' (années 30-50),"Phono portable à manivelle, platine rouge, bras chromé, valise toilée crème",Usagé (complet),40,110,"Phonographe portable 'Carillon Baby' dans sa valise crème : un petit bijou mécanique à manivelle qui ressuscite l'âge d'or du disque. Charmant en déco comme en objet de collection.",Phono portable. Vérifier le fonctionnement du moteur à ressort
63,Objets décoratifs et divers,Lot de minéraux / pierres décoratives,"Quartz rose brut, orthocéras (fossile poli), cabochon ambré, géode de quartz-calcite, druse d'améthyste",Bon,15,45,"Un joli lot de minéraux et curiosités de la nature : quartz rose, améthyste, géode scintillante et fossile d'orthocéras. Parfait pour décorer, débuter une collection ou offrir aux amoureux des pierres.",Minéraux de collection courants (pas des gemmes certifiables). Valeur modeste au lot
64,Objets décoratifs et divers,Paire de jumelles ALPINE 8x21,"Jumelles compactes pliantes ALPINE 8x21, étui cuir noir + dragonne",Usagé,5,15,"Jumelles compactes 8x21 à glisser dans la poche, livrées avec leur étui. Pratiques pour la randonnée, le spectacle ou l'observation d'appoint.",Jumelles d'entrée de gamme. Valeur faible
65,Objets décoratifs et divers,Corbeille / poubelle Tintin,"Corbeille métal, Tintin qui court (bleu/rose/blanc), intérieur vert d'eau. Produit sous licence",Usagé (bords écaillés),25,70,"Une corbeille Tintin pleine de pep's, avec notre reporter préféré en pleine course : un produit dérivé sous licence qui fera craquer les tintinophiles. Déco et fonctionnelle à la fois.",Produit dérivé recherché. État limite le haut de fourchette. Vérifier éditeur/licence
66,Objets décoratifs et divers,Tirelire Kenny (South Park),"Figurine-tirelire PVC de Kenny avec tube/jauge à liquide sur le dessus. Licence South Park",Bon,8,20,"La tirelire Kenny de South Park pour faire des économies avec le sourire : un gadget rigolo et collector pour les fans de la série culte. Idéal en cadeau geek.",Tirelire gadget, production de masse. Valeur modeste
67,Objets décoratifs et divers,Fusée lunaire Tintin,"Réplique de la fusée damier rouge et blanc (Objectif Lune), taille moyenne/grande ~30 cm",Bon (petites marques),30,110,"La légendaire fusée lunaire de Tintin, damier rouge et blanc : l'un des objets les plus iconiques de la BD, prêt à décoller d'une étagère. Un must-have pour tout fan d'Hergé.",Produit culte. Valeur selon taille exacte et caractère officiel Moulinsart (vérifier socle)
68,Objets décoratifs et divers,Cadillac Eldorado 1959 cabriolet (miniature ~1/18),"Décapotable rouge, plaques ELDORADO, intérieur rouge/blanc détaillé. Échelle ~1/18",Bon (poussière),25,70,"Une magnifique Cadillac Eldorado 1959 cabriolet en miniature grande échelle : chromes, ailerons et intérieur bicolore, tout l'esprit de l'Amérique des fifties. Pièce de choix pour vitrine.",Échelle ~1/18 (pas 1/12). Marque à confirmer. Collection grande échelle
69,Objets décoratifs et divers,Mercedes 300 SE (W112) années 60 (miniature grande échelle),"Berline noire, plaque calandre '300 SE', chromes. Grande échelle (~1/18 ou plus)",Moyen,20,55,"Une imposante Mercedes 300 SE des années 60 en miniature grande échelle : la berline de luxe allemande dans toute son élégance noire et chromée. Belle présence en vitrine.",État moyen limite la valeur. Préciser marque/échelle exacte
70,Objets décoratifs et divers,Lot de 10 insignes / logos auto,"Vrais emblèmes de calandre : Mercedes (x2), Audi, VW, Cadillac, Renault (x2), Peugeot (lion émaillé + lion découpé)",Bon,25,80,"Un lot de 10 véritables emblèmes automobiles de collection : Mercedes, Audi, VW, Cadillac, Peugeot émaillé... De l'automobilia authentique pour décorer un garage ou compléter une collection.",Peugeot émaillé et Cadillac = les plus cotés. Possible vente à l'unité
71,Objets décoratifs et divers,Set de 8 pièces de Macao,"Coffret officiel 'Macau New Coins' sous blister d'origine, 8 monnaies de circulation",Bon (blister),8,25,"Un set complet de 8 pièces de Macao dans son blister d'origine : un souvenir numismatique dépaysant pour collectionneurs ou curieux du monde. Présentation d'époque conservée.",Set numismatique touristique. Blister d'origine = plus. Valeur modeste
72,Objets décoratifs et divers,Ballon de foot Nike Total 90 (GEO),"Ballon blanc/rouge, logo '90', technologie GEO",Usagé,8,20,"Ballon Nike Total 90, icône du foot des années 2000, prêt pour un match entre amis ou pour la déco d'une chambre de passionné. Un classique du ballon rond.",PAS neuf, il a servi. Valeur réduite par l'état
73,Objets décoratifs et divers,Ballon de foot Adidas Coupe du Monde 2002,"'FIFA APPROVED 202J5Z', logo adidas (type Fevernova 2002)",Très usé,10,30,"Un morceau d'histoire du foot : le ballon adidas de la Coupe du Monde 2002, celui du sacre et des exploits. Pour les collectionneurs attachés aux grandes épopées des Bleus et du Mondial.",Très usé = cote collector réduite malgré l'intérêt du modèle
74,Objets décoratifs et divers,Ballon plastique Footix France 98,"Ballon vinyle, logo officiel 'FRANCE 98 Coupe du Monde - Licence officielle', mascotte Footix",Usagé (entier),10,30,"Le ballon souvenir officiel de France 98 à l'effigie de Footix, la mascotte culte de la Coupe du Monde victorieuse. Un concentré de nostalgie bleue pour les nostalgiques de l'été 98.",Souvenir recherché. État d'usage limite le prix
75,Objets décoratifs et divers,Casquette Lacoste,"Casquette toile bordeaux style jockey, crocodile Lacoste brodé, réglage à boucle",Bon (légèrement portée),12,30,"Casquette Lacoste bordeaux au crocodile brodé : l'élégance décontractée à la française pour protéger du soleil avec style. Un accessoire de marque qui ne se démode pas.",Semble plutôt portée que neuve. Vérifier état avant d'annoncer 'neuve'
76,Objets décoratifs et divers,Tee-shirt col V Lacoste Sport (taille 6),"Tee-shirt col V 'Lacoste Sport' blanc/beige, liseré noir, bande rouge, crocodile + écusson manche. Taille 6 (L/XL)",Bon (léger jaunissement),15,40,"Tee-shirt Lacoste Sport vintage début 2000, col V au crocodile brodé et détails sport chic. Pièce de marque taille L/XL pour les amateurs de style tennis rétro.",Tee-shirt col V (pas un polo). Édition sport. Taille 6 = L/XL
77,Objets décoratifs et divers,Grande caisse de billes,"Plusieurs centaines de billes verre : gros calots, billes irisées (pétrole), œil-de-chat, opaques, marbrées",Bon,10,40,"Une grande caisse de billes des années 90 : des centaines de billes en verre, dont de magnifiques calots irisés et œil-de-chat. Un trésor nostalgique pour jouer, décorer ou collectionner.",Grosses billes anciennes et irisées recherchées. Vente au lot
78,Objets décoratifs et divers,Lot de POGs des 90's,"Plusieurs centaines : 'The World POG Federation', POGs Jurassic Park (Blaster), + slammer métallique",Bon,10,50,"Une énorme collection de POGs des années 90, dont des séries recherchées comme Jurassic Park, et un slammer métallique. Le lot parfait pour un bain de nostalgie 90's garanti.",Thèmes recherchés (Jurassic Park). Valeur selon rareté des slammers
79,Objets décoratifs et divers,Lot de figurines & véhicules années 80-90,"~6 figurines articulées type G.I. Joe / Action Force, 1 moto, 1 engin, 1 Matchbox Audi Quattro 'Michelin'",Jouées (usées),10,40,"Un lot de figurines militaires articulées style G.I. Joe des années 80-90, avec moto, engin et une Matchbox Audi Quattro. De quoi raviver les souvenirs d'enfance ou dénicher une réf rare.",G.I. Joe vintage cotés même usés. Identifier les persos peut augmenter la valeur
