N°,Objet (après analyse visuelle),Contenu identifié,Prix bas (€),Prix haut (€),Remarques
1,24 DVDs édition collector,"Gladiator, Mission Cléopâtre, Robocop Ultimate, Piège de cristal/Die Hard 1-2-3, Incassable, Minority Report, Terminator, Scary Movie 2-3, Les Évadés, La vie est belle, La Mouche, Planète des singes, Seul au monde, Slumdog, I Robot, Dragon rouge, Evil Dead 2, Vol au-dessus d'un nid de coucou, Il faut sauver le soldat Ryan, Le silence des agneaux",30,70,"Beaucoup d'éditions collector/digipack ; bons titres"
2,24 DVDs horreur et SF,"28 jours/semaines plus tard, L'Exorciste, Shining & Orange Mécanique (Kubrick collector), Zombieland, Invasion of Body Snatchers, WarGames, Requiem for a Dream, Armée des 12 singes, Cube, Resident Evil, REC, Faculty, Cabin Fever, Chambre 1408, L'enfer des zombies, Le 6e sens, Massacre à la tronçonneuse, Cloverfield, Scream 3",30,65,"Belle sélection horreur culte ; Kubrick collector valorise"
3,30 DVDs films d'action,"L'Arme fatale 1-4, Titanic, Sin City, Taxi Driver collector, Dr Folamour, Je suis une légende, L'effet papillon, Edward aux mains d'argent, District 9, Trainspotting, Kill Bill 1-2, Matrix, Flic de haut vol, Volte/Face, Entretien avec un vampire, Bad Boys, Mort ou vif, MIB, Gran Torino, Last Action Hero, Terminator 2-3, Le Pianiste, Ocean's Eleven, Le Géant de fer, Predictions, American History X",30,70,"Gros lot de classiques ; plusieurs éditions collector"
4,10 DVDs comédies étrangères,"Borat, Ali G, (500) jours ensemble, Forrest Gump, Scary Movie, Les Simpson le film, Very Bad Trip, Good Morning England, Wild Wild West, Darjeeling Limited",12,30,"Bon lot de comédies populaires"
5,10 DVDs Kung Fu,"Arts martiaux de Shaolin (Jet Li), Shaolin contre Ninja, 5 Maîtres de Shaolin, Opération Dragon (Bruce Lee), 8 Diagrammes de Wu-Lang, 18 armes légendaires, Wong Fei-Hung, Il était une fois en Chine I&II, Shaolin Temple, La Fureur du Dragon (Bruce Lee)",25,60,"Éditions Shaw Brothers 'Les Essentiels' + Bruce Lee = niche recherchée ⬆️"
6,8 DVDs concerts/musique,"Bee Gees (x3 dont Keppel Road, One Night Only), Fièvre du samedi soir, Boney M, Pink Floyd The Wall (x2 + Roger Waters Live in Berlin), Michael Jackson Live, Robbie Williams",20,50,"Pink Floyd & Bee Gees recherchés"
7,13 DVDs français et comédies,"L'Arnacœur, Le premier jour du reste de ta vie, La vérité si je mens 1-2, Les Beaux Gosses, OSS 117 Rio, Taxi 1-2, Vidocq, (cerveau 99F), Les Choristes, Les Guignols Conversation 2, Gad Elmaleh, Un film avec cerveau",15,35,"Comédies françaises populaires"
8,36 DVDs étrangers divers,"Recoupe en partie les lots action/SF : Arme fatale, MIB, Kill Bill, Gran Torino, Good Bye Lenin, Faites le mur (Banksy), American Beauty, Sin City, Matrix, Titanic, District 9, Dr Folamour, etc.",30,65,"ATTENTION : chevauchement visuel avec lots 1-3, vérifier doublons avant vente"
9,Coffrets Simpsons éditions collector 'têtes',"Saisons 1-14 : boîtiers moulés en relief (Homer, Bart, Lisa, Maggie, Krusty, Kang, Mr Burns) + éditions UK saisons 4-5",120,280,"⬆️ Éditions collector 'tête' TRÈS recherchées si complètes/bon état. PÉPITE du lot"
10,14 coffrets séries et sagas,"Lost S1-2-3, Dexter S1-2-3, How I Met Your Mother, Code Quantum S1, Zidane, Trilogie des morts-vivants (Romero collector 5 DVD), Indiana Jones trilogie, Inconnus, Les Nuls l'intégrule x2",60,140,"Beaux coffrets ; Dexter et Romero valorisés"
11,Coffret DVD intégrale Futurama,"4 saisons - 15 DVD, coffret complet",25,50,"Intégrale recherchée ; coffret complet = bon"
12,11 VHS,"Trilogie Retour vers le Futur (VHS), Mars Attacks, Jumanji, Casper, The Mask, L'Effaceur, Disjoncté, La vie est belle, NBA Victoires à l'arraché",10,30,"VHS = faible valeur ; la trilogie RvlF peut intéresser les collectionneurs"
13,20 Blu-ray + coffret Retour vers le futur,"Seven (éd. Metropolitan 'livre'), Pulp Fiction, 127h, Matrix, Limitless, Inglourious Basterds (steelbook), Terminator 2 (steelbook), Intouchables, Malveillance, Castor, Social Network, Time Out, The Game, Chronicle, 2001, American Psycho, coffret RvlF trilogie, Planète des singes, Donnie Darko, Fight Club, Bee Gees",40,90,"⬆️ Steelbooks et éd. Metropolitan valorisent nettement le lot"
14,6 DVDs Louis de Funès,"Le petit baigneur, L'avare, Le Corniaud, La zizanie, La soupe aux choux, Le tatoué (collection Studio Canal)",10,22,"Valeur sûre ; collection homogène"
15,10 CDs,"Boney M (x2), Bee Gees, Saturday Night Fever OST, The Verve - Urban Hymns, Bratisla Boys (x2), Kylie, 113, Eiffel 65 (CD singles)",8,20,"Mix albums + CD singles ; valeur selon état"
16,GTA IV (PC) + guide San Andreas,"Jeu PC Grand Theft Auto IV (Games for Windows) + guide officiel/livre San Andreas (PAS le jeu San Andreas)",10,25,"Correction : c'est le GUIDE San Andreas, pas le jeu"
